{
  "_type": "https://in-toto.io/Statement/v0.1",
  "subject": [
    {
      "name": "union-eyes",
      "digest": {
        "sha256": "b7e4a7a86fdfd783a95b63624743d7b64799aa969cf103d373f985270aeabe1d"
      }
    }
  ],
  "predicateType": "https://slsa.dev/provenance/v0.2",
  "predicate": {
    "builder": {
      "id": "local"
    },
    "buildType": "https://github.com/union-eyes/build",
    "invocation": {
      "configSource": {
        "uri": "git+https://github.com/union-eyes/union-eyes@5dc551e3402ba0d7c1861fae043ba41bfd4c7d57",
        "digest": {
          "sha1": "5dc551e3402ba0d7c1861fae043ba41bfd4c7d57"
        }
      }
    },
    "metadata": {
      "buildStartedOn": "2026-02-12T23:17:13.013Z",
      "buildFinishedOn": "2026-02-12T23:17:13.016Z",
      "completeness": {
        "parameters": true,
        "environment": false,
        "materials": true
      },
      "reproducible": false
    }
  }
}