﻿<?xml version="1.0" encoding="utf-8"?>
<deployment>
  <id>d9a14b37ea05d58c1dee12d6a8b9c2b6dd4073ac1766862614811</id>
  <author>anungis437</author>
  <deployer>GitHub</deployer>
  <authorEmail />
  <message>{"type":"Deployment","sha":"d9a14b37ea05d58c1dee12d6a8b9c2b6dd4073ac","repoName":"anungis437/Union_Eyes_app_v1","actor":"anungis437","slotName":"production"}</message>
  <progress />
  <status>Success</status>
  <statusText />
  <lastSuccessEndTime>2025-12-27T19:11:20.0353245Z</lastSuccessEndTime>
  <receivedTime>2025-12-27T19:11:20.0353245Z</receivedTime>
  <startTime>2025-12-27T19:11:20.0353245Z</startTime>
  <endTime>2025-12-27T19:11:20.0353245Z</endTime>
  <complete>True</complete>
  <is_temp>False</is_temp>
  <is_readonly>True</is_readonly>
  <buildSummary />
</deployment>