{
  "_type": "https://in-toto.io/Statement/v0.1",
  "subject": [
    {
      "name": "union-eyes",
      "digest": {
        "sha256": "7bd55b1891a94336a6c8d5f3a5d09f60602f33a0b958658a3eda82a9c0e36ec8"
      }
    }
  ],
  "predicateType": "https://slsa.dev/provenance/v0.2",
  "predicate": {
    "builder": {
      "id": "local"
    },
    "buildType": "https://github.com/union-eyes/build",
    "invocation": {
      "configSource": {
        "uri": "git+https://github.com/union-eyes/union-eyes@5dc551e3402ba0d7c1861fae043ba41bfd4c7d57",
        "digest": {
          "sha1": "5dc551e3402ba0d7c1861fae043ba41bfd4c7d57"
        }
      }
    },
    "metadata": {
      "buildStartedOn": "2026-02-12T23:19:29.454Z",
      "buildFinishedOn": "2026-02-12T23:19:29.466Z",
      "completeness": {
        "parameters": true,
        "environment": false,
        "materials": true
      },
      "reproducible": false
    }
  }
}